[
  {
    "id": 1,
    "title": "Гарри Поттер",
    "createdAt": "2023-05-12",
    "description": "Описание книги",
    "pageCount": 100
  },
  {
    "id": 2,
    "title": "Посторонний",
    "createdAt": "2023-04-21",
    "description": "Описание книги Посторонний",
    "pageCount": 250
  },
  {
    "id": 3,
    "title": "Калигула",
    "createdAt": "2023-03-11",
    "description": "Описание книги Калигула",
    "pageCount": 300
  },
  {
    "id": 4,
    "title": "Властелин колец",
    "createdAt": "2023-07-13",
    "description": "Описание книги Калигула",
    "pageCount": 600
  }
]
